{"initial_reset_timestamp": 1544034883.2633512, "timestamps": [1544034884.341294, 1544034885.1766658, 1544034885.5077376, 1544034885.708107, 1544034886.2411628, 1544034886.424702, 1544034886.7910857, 1544034887.0578403, 1544034888.6580124, 1544034889.2245803, 1544034889.4077623, 1544034889.7244766, 1544034890.4078586, 1544034890.8580534, 1544034891.524592, 1544034891.8769515, 1544034892.2412121, 1544034892.6583998, 1544034892.908544, 1544034893.291066, 1544034894.3744586, 1544034894.7415638, 1544034895.1580799, 1544034895.6410394, 1544034895.8316145, 1544034896.0914094, 1544034896.891446, 1544034898.2245376, 1544034898.7411206, 1544034898.99149, 1544034899.2580626, 1544034899.507967, 1544034899.8912468, 1544034900.091372, 1544034900.557928, 1544034901.1586816, 1544034901.524825, 1544034901.8247352, 1544034902.4413292, 1544034902.6412532, 1544034902.8412545, 1544034903.0913424, 1544034903.424663, 1544034903.5913572, 1544034903.824833, 1544034904.2744923, 1544034904.5247219, 1544034904.9079134], "episode_lengths": [15, 11, 15, 12, 31, 10, 22, 15, 28, 28, 11, 18, 41, 27, 40, 20, 22, 24, 15, 11, 57, 20, 25, 27, 11, 16, 42, 22, 12, 10, 14, 15, 23, 12, 27, 35, 14, 18, 37, 12, 12, 15, 18, 10, 14, 27, 15, 22], "episode_rewards": [15.0, 11.0, 15.0, 12.0, 31.0, 10.0, 22.0, 15.0, 28.0, 28.0, 11.0, 18.0, 41.0, 27.0, 40.0, 20.0, 22.0, 24.0, 15.0, 11.0, 57.0, 20.0, 25.0, 27.0, 11.0, 16.0, 42.0, 22.0, 12.0, 10.0, 14.0, 15.0, 23.0, 12.0, 27.0, 35.0, 14.0, 18.0, 37.0, 12.0, 12.0, 15.0, 18.0, 10.0, 14.0, 27.0, 15.0, 22.0], "episode_types": ["t", "t", "t", "t", "t", "t", "t", "t", "t", "t", "t", "t", "t", "t", "t", "t", "t", "t", "t", "t", "t", "t", "t", "t", "t", "t", "t", "t", "t", "t", "t", "t", "t", "t", "t", "t", "t", "t", "t", "t", "t", "t", "t", "t", "t", "t", "t", "t", "t"]}